,Show,Date,Doors,Location,Address,Link
0,Superchunk,"Sat, June 11, 2022 at 08:00 PM",07:00 PM,Union Transfer,"1026 Spring Garden Street, Philadelphia, PA 19123",https://www.bowerypresents.com/greater-philly/shows/detail/421045-superchunk
1,Paul Anka  – Greatest Hits: His Way!,"Sat, June 11, 2022 at 08:00 PM",10:48 PM,Ocean Casino Resort,"500 Boardwalk, Atlantic City, NJ 08401",https://www.bowerypresents.com/greater-philly/shows/detail/434176-paul-anka-greatest-hits-his-way
2,!!! (Chk Chk Chk),"Sat, June 11, 2022 at 09:00 PM",08:00 PM,Underground Arts,"1200 Callowhill Street, Philadelphia, PA 19108",https://www.bowerypresents.com/greater-philly/shows/detail/427178-chk-chk-chk
3,Shaun of the Dead,"Mon, June 13, 2022 at 07:30 PM",06:30 PM,Underground Arts,"1200 Callowhill Street, Philadelphia, PA 19108",https://www.bowerypresents.com/greater-philly/shows/detail/431214-shaun-of-the-dead
4,It Was 50 Years Ago Today: A Tribute To The Beatles,"Tue, June 14, 2022 at 08:00 PM",07:00 PM,Keswick Theatre,"291 N Keswick Ave, Glenside, PA 19038",https://www.bowerypresents.com/greater-philly/shows/detail/428681-it-was-50-years-ago-today-a-tribute-to-the-beatles
5,DE'WAYNE,"Tue, June 14, 2022 at 08:30 PM",07:30 PM,Underground Arts,"1200 Callowhill Street, Philadelphia, PA 19108",https://www.bowerypresents.com/greater-philly/shows/detail/428962-dewayne
6,It Was 50 Years Ago Today: A Tribute to The Beatles,"Wed, June 15, 2022 at 08:00 PM",07:00 PM,Santander Performing Arts Center,"700 Penn St., Reading, PA 19603",https://www.bowerypresents.com/greater-philly/shows/detail/429335-it-was-50-years-ago-today-a-tribute-to-the-beatles
7,Justin Bieber,"Thu, June 16, 2022 at 07:30 PM",06:30 PM,Wells Fargo Center,"3601 S Broad St, Philadelphia, PA 19148",https://www.bowerypresents.com/greater-philly/shows/detail/396053-justin-bieber
8,They Might Be Giants,"Thu, June 16, 2022 at 08:00 PM",07:00 PM,Union Transfer,"1026 Spring Garden Street, Philadelphia, PA 19123",https://www.bowerypresents.com/greater-philly/shows/detail/395303-they-might-be-giants
9,Tiwa Savage,"Thu, June 16, 2022 at 08:00 PM",07:00 PM,Underground Arts,"1200 Callowhill Street, Philadelphia, PA 19108",https://www.bowerypresents.com/greater-philly/shows/detail/429238-tiwa-savage
10,The O'Jays,"Fri, June 17, 2022 at 07:30 PM",06:30 PM,Xcite Center at Parx Casino,"2999 Street Road, Bensalem, PA 19020",https://www.bowerypresents.com/greater-philly/shows/detail/394965-the-ojays
11,This Might Get Weird,"Fri, June 17, 2022 at 07:30 PM",06:30 PM,Underground Arts,"1200 Callowhill Street, Philadelphia, PA 19108",https://www.bowerypresents.com/greater-philly/shows/detail/410873-this-might-get-weird
12,Get The Led Out,"Fri, June 17, 2022 at 08:00 PM",07:00 PM,Keswick Theatre,"291 N Keswick Ave, Glenside, PA 19038",https://www.bowerypresents.com/greater-philly/shows/detail/392307-get-the-led-out
13,Strand of Oaks,"Fri, June 17, 2022 at 08:00 PM",07:00 PM,Union Transfer,"1026 Spring Garden Street, Philadelphia, PA 19123",https://www.bowerypresents.com/greater-philly/shows/detail/427209-strand-of-oaks
14,Belle & Sebastian,"Fri, June 17, 2022 at 08:00 PM",07:00 PM,Franklin Music Hall,"421 N. 7th Street, Philadelphia, PA 19123",https://www.bowerypresents.com/greater-philly/shows/detail/427428-belle-sebastian
15,Lawrence and MisterWives ,"Sat, June 18, 2022 at 07:30 PM",06:30 PM,Franklin Music Hall,"421 N. 7th Street, Philadelphia, PA 19123",https://www.bowerypresents.com/greater-philly/shows/detail/428957-lawrence-and-misterwives
16,Get The Led Out,"Sat, June 18, 2022 at 08:00 PM",07:00 PM,Keswick Theatre,"291 N Keswick Ave, Glenside, PA 19038",https://www.bowerypresents.com/greater-philly/shows/detail/392311-get-the-led-out
17,Tune-Yards,"Sat, June 18, 2022 at 08:00 PM",07:00 PM,Union Transfer,"1026 Spring Garden Street, Philadelphia, PA 19123",https://www.bowerypresents.com/greater-philly/shows/detail/429972-tune-yards
18,Blippi the Musical,"Sun, June 19, 2022 at 02:00 PM",01:00 PM,Keswick Theatre,"291 N Keswick Ave, Glenside, PA 19038",https://www.bowerypresents.com/greater-philly/shows/detail/427452-blippi-the-musical
19,George Thorogood & The Destroyers,"Wed, June 22, 2022 at 07:30 PM",06:30 PM,Keswick Theatre,"291 N Keswick Ave, Glenside, PA 19038",https://www.bowerypresents.com/greater-philly/shows/detail/427943-george-thorogood-the-destroyers
20,Midnight Oil,"Wed, June 22, 2022 at 08:00 PM",07:00 PM,Franklin Music Hall,"421 N. 7th Street, Philadelphia, PA 19123",https://www.bowerypresents.com/greater-philly/shows/detail/426971-midnight-oil
21,JONATHAN RICHMAN featuring TOMMY LARKINS on the drums!,"Wed, June 22, 2022 at 08:00 PM",07:00 PM,Union Transfer,"1026 Spring Garden Street, Philadelphia, PA 19123",https://www.bowerypresents.com/greater-philly/shows/detail/429973-jonathan-richman-featuring-tommy-larkins-on-the-drums
22,Charger,"Wed, June 22, 2022 at 08:30 PM",07:30 PM,Underground Arts,"1200 Callowhill Street, Philadelphia, PA 19108",https://www.bowerypresents.com/greater-philly/shows/detail/433093-charger
23,Everclear,"Thu, June 23, 2022 at 08:00 PM",07:00 PM,Keswick Theatre,"291 N Keswick Ave, Glenside, PA 19038",https://www.bowerypresents.com/greater-philly/shows/detail/429902-everclear
24,Failure,"Thu, June 23, 2022 at 09:00 PM",08:00 PM,Underground Arts,"1200 Callowhill Street, Philadelphia, PA 19108",https://www.bowerypresents.com/greater-philly/shows/detail/423163-failure
25,Ty Segall & Freedom Band,"Fri, June 24, 2022 at 08:00 PM",07:00 PM,Union Transfer,"1026 Spring Garden Street, Philadelphia, PA 19123",https://www.bowerypresents.com/greater-philly/shows/detail/410856-ty-segall-freedom-band
26,The Music of Cream,"Fri, June 24, 2022 at 08:00 PM",07:00 PM,Keswick Theatre,"291 N Keswick Ave, Glenside, PA 19038",https://www.bowerypresents.com/greater-philly/shows/detail/416543-the-music-of-cream
27,Billy Ray Cyrus,"Fri, June 24, 2022 at 08:00 PM",07:00 PM,Xcite Center at Parx Casino,"2999 Street Road, Bensalem, PA 19020",https://www.bowerypresents.com/greater-philly/shows/detail/432663-billy-ray-cyrus
28,Firefly Festival Pop Up Party,"Fri, June 24, 2022 at 09:00 PM",08:00 PM,Underground Arts,"1200 Callowhill Street, Philadelphia, PA 19108",https://www.bowerypresents.com/greater-philly/shows/detail/435852-firefly-festival-pop-up-party
29,The Fab Faux with THE HOGSHEAD HORNS AND THE CREME TANGERINE STRINGS,"Sat, June 25, 2022 at 08:00 PM",07:00 PM,Keswick Theatre,"291 N Keswick Ave, Glenside, PA 19038",https://www.bowerypresents.com/greater-philly/shows/detail/418452-the-fab-faux-with-the-hogshead-horns-and-the-creme-tangerine-strings
30,Dave Attell,"Sat, June 25, 2022 at 08:00 PM",07:00 PM,Xcite Center at Parx Casino,"2999 Street Road, Bensalem, PA 19020",https://www.bowerypresents.com/greater-philly/shows/detail/423322-dave-attell
31,RX Bandits,"Sat, June 25, 2022 at 08:00 PM",07:00 PM,Union Transfer,"1026 Spring Garden Street, Philadelphia, PA 19123",https://www.bowerypresents.com/greater-philly/shows/detail/428715-rx-bandits
32,Emo Nite,"Sat, June 25, 2022 at 09:00 PM",09:00 PM,Underground Arts,"1200 Callowhill Street, Philadelphia, PA 19108",https://www.bowerypresents.com/greater-philly/shows/detail/427964-emo-nite
33,Memphis May Fire,"Sun, June 26, 2022 at 07:00 PM",06:00 PM,Union Transfer,"1026 Spring Garden Street, Philadelphia, PA 19123",https://www.bowerypresents.com/greater-philly/shows/detail/433119-memphis-may-fire
34,American Aquarium,"Mon, June 27, 2022 at 07:30 PM",08:30 PM,Underground Arts,"1200 Callowhill Street, Philadelphia, PA 19108",https://www.bowerypresents.com/greater-philly/shows/detail/431028-american-aquarium
35,Purity Ring,"Mon, June 27, 2022 at 08:00 PM",07:00 PM,Union Transfer,"1026 Spring Garden Street, Philadelphia, PA 19123",https://www.bowerypresents.com/greater-philly/shows/detail/393069-purity-ring
36,"Less Than Jake, Bowling for Soup & The Aquabats!","Thu, June 30, 2022 at 07:00 PM",06:00 PM,Franklin Music Hall,"421 N. 7th Street, Philadelphia, PA 19123",https://www.bowerypresents.com/greater-philly/shows/detail/429606-less-than-jake-bowling-for-soup-the-aquabats
37,Aunt Mary Pat,"Fri, July 01, 2022 at 08:00 PM",07:00 PM,Underground Arts,"1200 Callowhill Street, Philadelphia, PA 19108",https://www.bowerypresents.com/greater-philly/shows/detail/434934-aunt-mary-pat
38,Heavy Heavy Low Low,"Tue, July 05, 2022 at 07:00 PM",06:00 PM,Underground Arts,"1200 Callowhill Street, Philadelphia, PA 19108",https://www.bowerypresents.com/greater-philly/shows/detail/433142-heavy-heavy-low-low
39,H2O (TIHC 2022 Pre Show),"Thu, July 07, 2022 at 06:00 PM",05:00 PM,Underground Arts,"1200 Callowhill Street, Philadelphia, PA 19108",https://www.bowerypresents.com/greater-philly/shows/detail/433099-h2o-tihc-2022-pre-show
40,Merauder (This Is Hardcore 2022)	,"Fri, July 08, 2022 at 06:00 PM",05:00 PM,Underground Arts,"1200 Callowhill Street, Philadelphia, PA 19108",https://www.bowerypresents.com/greater-philly/shows/detail/433083-merauder-this-is-hardcore-2022
41,Tedeschi Trucks Band,"Fri, July 08, 2022 at 06:30 PM",05:30 PM,TD Pavilion at the Mann,"5201 Parkside Ave Fairmount Park, Philadelphia, PA 19131",https://www.bowerypresents.com/greater-philly/shows/detail/389012-tedeschi-trucks-band
42,This Is Hardcore Fest,"Sat, July 09, 2022 at 12:00 PM",12:00 PM,Franklin Music Hall,"421 N. 7th Street, Philadelphia, PA 19123",https://www.bowerypresents.com/greater-philly/shows/detail/432946-this-is-hardcore-fest
43,This Is Hardcore Fest,"Sun, July 10, 2022 at 12:00 PM",12:00 PM,Franklin Music Hall,"421 N. 7th Street, Philadelphia, PA 19123",https://www.bowerypresents.com/greater-philly/shows/detail/432958-this-is-hardcore-fest
44,Golden Child,"Mon, July 11, 2022 at 08:00 PM",07:30 PM,Keswick Theatre,"291 N Keswick Ave, Glenside, PA 19038",https://www.bowerypresents.com/greater-philly/shows/detail/434484-golden-child
45,No Devotion,"Tue, July 12, 2022 at 07:30 PM",06:30 PM,Underground Arts,"1200 Callowhill Street, Philadelphia, PA 19108",https://www.bowerypresents.com/greater-philly/shows/detail/436695-no-devotion
46,Bikini Kill,"Wed, July 13, 2022 at 08:00 PM",07:00 PM,Franklin Music Hall,"421 N. 7th Street, Philadelphia, PA 19123",https://www.bowerypresents.com/greater-philly/shows/detail/386584-bikini-kill
47,Joe Mande,"Wed, July 13, 2022 at 08:30 PM",07:30 PM,Underground Arts,"1200 Callowhill Street, Philadelphia, PA 19108",https://www.bowerypresents.com/greater-philly/shows/detail/427035-joe-mande
48,Left To Die,"Thu, July 14, 2022 at 08:00 PM",07:00 PM,Underground Arts,"1200 Callowhill Street, Philadelphia, PA 19108",https://www.bowerypresents.com/greater-philly/shows/detail/433187-left-to-die
49,Elton John,"Fri, July 15, 2022 at 08:00 PM",06:00 PM,Citizens Bank Park,"One Citizens Bank Way, Philadelphia, PA 19148",https://www.bowerypresents.com/greater-philly/shows/detail/406463-elton-john
50,Howard Jones & Midge Ure,"Fri, July 15, 2022 at 08:00 PM",07:00 PM,Keswick Theatre,"291 N Keswick Ave, Glenside, PA 19038",https://www.bowerypresents.com/greater-philly/shows/detail/426280-howard-jones-midge-ure
51,Riot Nerd Stranger Things Dance Party,"Fri, July 15, 2022 at 09:00 PM",09:00 PM,Underground Arts,"1200 Callowhill Street, Philadelphia, PA 19108",https://www.bowerypresents.com/greater-philly/shows/detail/429439-riot-nerd-stranger-things-dance-party
52,Tracy Morgan,"Sat, July 16, 2022 at 08:00 PM",07:00 PM,Ocean Casino Resort,"500 Boardwalk, Atlantic City, NJ 08401",https://www.bowerypresents.com/greater-philly/shows/detail/422532-tracy-morgan
53,The Manhattan Transfer,"Sat, July 16, 2022 at 08:00 PM",07:00 PM,Keswick Theatre,"291 N Keswick Ave, Glenside, PA 19038",https://www.bowerypresents.com/greater-philly/shows/detail/431949-the-manhattan-transfer
54,Pancakes & Booze ,"Sat, July 16, 2022 at 08:00 PM",08:00 PM,Underground Arts,"1200 Callowhill Street, Philadelphia, PA 19108",https://www.bowerypresents.com/greater-philly/shows/detail/434965-pancakes-booze
55,Dion,"Sun, July 17, 2022 at 07:30 PM",06:30 PM,Keswick Theatre,"291 N Keswick Ave, Glenside, PA 19038",https://www.bowerypresents.com/greater-philly/shows/detail/426608-dion
56,Joe Pera,"Sun, July 17, 2022 at 08:00 PM",07:00 PM,Union Transfer,"1026 Spring Garden Street, Philadelphia, PA 19123",https://www.bowerypresents.com/greater-philly/shows/detail/432506-joe-pera
57,Fucked Up ,"Sun, July 17, 2022 at 09:00 PM",08:00 PM,Underground Arts,"1200 Callowhill Street, Philadelphia, PA 19108",https://www.bowerypresents.com/greater-philly/shows/detail/405054-fucked-up
58,Sleeping With Sirens,"Tue, July 19, 2022 at 07:00 PM",06:00 PM,Union Transfer,"1026 Spring Garden Street, Philadelphia, PA 19123",https://www.bowerypresents.com/greater-philly/shows/detail/433969-sleeping-with-sirens
59,Jon Anderson ,"Wed, July 20, 2022 at 07:30 PM",06:30 PM,Keswick Theatre,"291 N Keswick Ave, Glenside, PA 19038",https://www.bowerypresents.com/greater-philly/shows/detail/434157-jon-anderson
60,STRFKR,"Wed, July 20, 2022 at 08:00 PM",07:00 PM,Union Transfer,"1026 Spring Garden Street, Philadelphia, PA 19123",https://www.bowerypresents.com/greater-philly/shows/detail/424571-strfkr
61,Gordon Lightfoot,"Thu, July 21, 2022 at 07:30 PM",07:30 PM,Keswick Theatre,"291 N Keswick Ave, Glenside, PA 19038",https://www.bowerypresents.com/greater-philly/shows/detail/429905-gordon-lightfoot
62,Hannah Einbender,"Fri, July 22, 2022 at 07:00 PM",06:00 PM,Underground Arts,"1200 Callowhill Street, Philadelphia, PA 19108",https://www.bowerypresents.com/greater-philly/shows/detail/432474-hannah-einbender
63,Aunt Mary Pat,"Fri, July 22, 2022 at 08:00 PM",07:00 PM,Keswick Theatre,"291 N Keswick Ave, Glenside, PA 19038",https://www.bowerypresents.com/greater-philly/shows/detail/427637-aunt-mary-pat
64,Camp Cope,"Fri, July 22, 2022 at 08:00 PM",07:00 PM,Union Transfer,"1026 Spring Garden Street, Philadelphia, PA 19123",https://www.bowerypresents.com/greater-philly/shows/detail/432513-camp-cope
65,Tones and I,"Sat, July 23, 2022 at 08:00 PM",07:00 PM,Union Transfer,"1026 Spring Garden Street, Philadelphia, PA 19123",https://www.bowerypresents.com/greater-philly/shows/detail/425907-tones-and-i
66,Mitski,"Sun, July 24, 2022 at 08:00 PM",07:00 PM,Franklin Music Hall,"421 N. 7th Street, Philadelphia, PA 19123",https://www.bowerypresents.com/greater-philly/shows/detail/414031-mitski
67,Parcels In Concert,"Tue, July 26, 2022 at 08:00 PM",07:00 PM,Franklin Music Hall,"421 N. 7th Street, Philadelphia, PA 19123",https://www.bowerypresents.com/greater-philly/shows/detail/429067-parcels-in-concert
68,18 Visions,"Wed, July 27, 2022 at 12:00 AM",10:49 PM,Underground Arts,"1200 Callowhill Street, Philadelphia, PA 19108",https://www.bowerypresents.com/greater-philly/shows/detail/434938-18-visions
69,Cobra Man,"Thu, July 28, 2022 at 08:30 PM",07:30 PM,Underground Arts,"1200 Callowhill Street, Philadelphia, PA 19108",https://www.bowerypresents.com/greater-philly/shows/detail/426583-cobra-man
70,Polo & Pan,"Thu, July 28, 2022 at 08:30 PM",07:30 PM,Franklin Music Hall,"421 N. 7th Street, Philadelphia, PA 19123",https://www.bowerypresents.com/greater-philly/shows/detail/430715-polo-pan
71,Don McLean,"Fri, July 29, 2022 at 08:00 PM",07:00 PM,Keswick Theatre,"291 N Keswick Ave, Glenside, PA 19038",https://www.bowerypresents.com/greater-philly/shows/detail/429906-don-mclean
72,Aaron Lewis & The Stateliners ,"Sat, July 30, 2022 at 08:00 PM",07:00 PM,Xcite Center at Parx Casino,"2999 Street Road, Bensalem, PA 19020",https://www.bowerypresents.com/greater-philly/shows/detail/424556-aaron-lewis-the-stateliners
73,Atmosphere and Iration,"Tue, August 02, 2022 at 08:30 PM",07:30 PM,Franklin Music Hall,"421 N. 7th Street, Philadelphia, PA 19123",https://www.bowerypresents.com/greater-philly/shows/detail/431008-atmosphere-and-iration
74,Polyphia,"Thu, August 04, 2022 at 08:00 PM",07:00 PM,Union Transfer,"1026 Spring Garden Street, Philadelphia, PA 19123",https://www.bowerypresents.com/greater-philly/shows/detail/433968-polyphia
75,Elder,"Thu, August 04, 2022 at 09:00 PM",08:00 PM,Underground Arts,"1200 Callowhill Street, Philadelphia, PA 19108",https://www.bowerypresents.com/greater-philly/shows/detail/429962-elder
76,Roger Waters,"Fri, August 05, 2022 at 07:00 PM",07:00 PM,Wells Fargo Center,"3601 S Broad St, Philadelphia, PA 19148",https://www.bowerypresents.com/greater-philly/shows/detail/391172-roger-waters
77,Cave In,"Fri, August 05, 2022 at 08:00 PM",07:00 PM,Underground Arts,"1200 Callowhill Street, Philadelphia, PA 19108",https://www.bowerypresents.com/greater-philly/shows/detail/433843-cave-in
78,Boz Scaggs,"Fri, August 05, 2022 at 09:00 PM",08:00 PM,Ocean Casino Resort,"500 Boardwalk, Atlantic City, NJ 08401",https://www.bowerypresents.com/greater-philly/shows/detail/422533-boz-scaggs
79,Roger Waters ,"Sat, August 06, 2022 at 07:00 PM",07:00 PM,Wells Fargo Center,"3601 S Broad St, Philadelphia, PA 19148",https://www.bowerypresents.com/greater-philly/shows/detail/393930-roger-waters
80,Hiatus Kaiyote,"Sun, August 07, 2022 at 08:00 PM",07:00 PM,Union Transfer,"1026 Spring Garden Street, Philadelphia, PA 19123",https://www.bowerypresents.com/greater-philly/shows/detail/433982-hiatus-kaiyote
81,Rolling Blackouts Coastal Fever,"Sun, August 07, 2022 at 08:30 PM",07:30 PM,Underground Arts,"1200 Callowhill Street, Philadelphia, PA 19108",https://www.bowerypresents.com/greater-philly/shows/detail/424791-rolling-blackouts-coastal-fever
82,Come Together: A Tribute Down The Beatles Abbey Road,"Thu, August 11, 2022 at 08:30 PM",07:30 PM,Underground Arts,"1200 Callowhill Street, Philadelphia, PA 19108",https://www.bowerypresents.com/greater-philly/shows/detail/435254-come-together-a-tribute-down-the-beatles-abbey-road
83,Wavves,"Fri, August 12, 2022 at 09:00 PM",08:00 PM,Underground Arts,"1200 Callowhill Street, Philadelphia, PA 19108",https://www.bowerypresents.com/greater-philly/shows/detail/431736-wavves
84,Leon Bridges,"Sat, August 13, 2022 at 07:30 PM",06:30 PM,Skyline Stage @ the Mann,"52nd and Parkside Ave. Fairmount Park, Philadelphia, PA 19131",https://www.bowerypresents.com/greater-philly/shows/detail/426770-leon-bridges
85,The Emo Band: Emo + Pop Punk Live Band Karaoke Party,"Sat, August 13, 2022 at 10:00 PM",09:00 PM,Underground Arts,"1200 Callowhill Street, Philadelphia, PA 19108",https://www.bowerypresents.com/greater-philly/shows/detail/433267-the-emo-band-emo-pop-punk-live-band-karaoke-party
86,Joyce Manor,"Sun, August 14, 2022 at 08:00 PM",07:00 PM,Union Transfer,"1026 Spring Garden Street, Philadelphia, PA 19123",https://www.bowerypresents.com/greater-philly/shows/detail/434831-joyce-manor
87,Sumac,"Sun, August 14, 2022 at 09:00 PM",08:00 PM,Underground Arts,"1200 Callowhill Street, Philadelphia, PA 19108",https://www.bowerypresents.com/greater-philly/shows/detail/434936-sumac
88,The Dear Hunter,"Tue, August 16, 2022 at 08:30 PM",07:30 PM,Underground Arts,"1200 Callowhill Street, Philadelphia, PA 19108",https://www.bowerypresents.com/greater-philly/shows/detail/419140-the-dear-hunter
89,Ted Nugent,"Wed, August 17, 2022 at 08:00 PM",07:00 PM,Keswick Theatre,"291 N Keswick Ave, Glenside, PA 19038",https://www.bowerypresents.com/greater-philly/shows/detail/392580-ted-nugent
90,Murder By Death,"Thu, August 18, 2022 at 07:00 PM",06:00 PM,Union Transfer,"1026 Spring Garden Street, Philadelphia, PA 19123",https://www.bowerypresents.com/greater-philly/shows/detail/430730-murder-by-death
91,The Wallflowers,"Thu, August 18, 2022 at 08:00 PM",07:00 PM,Keswick Theatre,"291 N Keswick Ave, Glenside, PA 19038",https://www.bowerypresents.com/greater-philly/shows/detail/427932-the-wallflowers
92,Dead Ass with Khadeen & Devale LIVE!,"Fri, August 19, 2022 at 08:00 PM",07:00 PM,Union Transfer,"1026 Spring Garden Street, Philadelphia, PA 19123",https://www.bowerypresents.com/greater-philly/shows/detail/433120-dead-ass-with-khadeen-devale-live
93,Blondie + Special Guest The Damned,"Sat, August 20, 2022 at 07:00 PM",06:00 PM,Xcite Center at Parx Casino,"2999 Street Road, Bensalem, PA 19020",https://www.bowerypresents.com/greater-philly/shows/detail/427417-blondie-special-guest-the-damned
94,Gilberto Santa Rosa,"Sat, August 20, 2022 at 08:00 PM",07:00 PM,Keswick Theatre,"291 N Keswick Ave, Glenside, PA 19038",https://www.bowerypresents.com/greater-philly/shows/detail/428359-gilberto-santa-rosa
95,Faye Webster,"Sat, August 20, 2022 at 08:00 PM",07:00 PM,Union Transfer,"1026 Spring Garden Street, Philadelphia, PA 19123",https://www.bowerypresents.com/greater-philly/shows/detail/431966-faye-webster
96,Mir Fontaine,"Sat, August 20, 2022 at 08:30 PM",07:30 PM,Underground Arts,"1200 Callowhill Street, Philadelphia, PA 19108",https://www.bowerypresents.com/greater-philly/shows/detail/434834-mir-fontaine
97,Ted Nugent,"Sun, August 21, 2022 at 07:30 PM",06:30 PM,Santander Performing Arts Center,"700 Penn St., Reading, PA 19603",https://www.bowerypresents.com/greater-philly/shows/detail/433820-ted-nugent
98,Peter Hook & The Light,"Fri, August 26, 2022 at 08:00 PM",07:00 PM,Union Transfer,"1026 Spring Garden Street, Philadelphia, PA 19123",https://www.bowerypresents.com/greater-philly/shows/detail/415562-peter-hook-the-light
99,The Shins,"Fri, August 26, 2022 at 08:00 PM",07:00 PM,Skyline Stage @ the Mann,"52nd and Parkside Ave. Fairmount Park, Philadelphia, PA 19131",https://www.bowerypresents.com/greater-philly/shows/detail/434246-the-shins
100,Los Campesinos!,"Sat, August 27, 2022 at 08:00 PM",07:00 PM,Union Transfer,"1026 Spring Garden Street, Philadelphia, PA 19123",https://www.bowerypresents.com/greater-philly/shows/detail/432518-los-campesinos
101,James Austin Johnson,"Sat, August 27, 2022 at 09:00 PM",10:49 PM,Underground Arts,"1200 Callowhill Street, Philadelphia, PA 19108",https://www.bowerypresents.com/greater-philly/shows/detail/430237-james-austin-johnson
102,At the Gates,"Sun, August 28, 2022 at 08:00 PM",07:00 PM,Union Transfer,"1026 Spring Garden Street, Philadelphia, PA 19123",https://www.bowerypresents.com/greater-philly/shows/detail/432510-at-the-gates
103,Rammstein,"Wed, August 31, 2022 at 07:00 PM",10:49 PM,Lincoln Financial Field,"One Lincoln Financial Field Way, Philadelphia, PA 19147",https://www.bowerypresents.com/greater-philly/shows/detail/390976-rammstein
104,Boris & Nothing,"Thu, September 01, 2022 at 08:00 PM",07:00 PM,Union Transfer,"1026 Spring Garden Street, Philadelphia, PA 19123",https://www.bowerypresents.com/greater-philly/shows/detail/434829-boris-nothing
105,Arlo Parks,"Tue, September 06, 2022 at 08:00 PM",07:00 PM,Franklin Music Hall,"421 N. 7th Street, Philadelphia, PA 19123",https://www.bowerypresents.com/greater-philly/shows/detail/430244-arlo-parks
106,Steven Wright,"Thu, September 08, 2022 at 08:00 PM",07:00 PM,Keswick Theatre,"291 N Keswick Ave, Glenside, PA 19038",https://www.bowerypresents.com/greater-philly/shows/detail/412177-steven-wright
107,Karol G,"Thu, September 08, 2022 at 08:00 PM",07:00 PM,Wells Fargo Center,"3601 S Broad St, Philadelphia, PA 19148",https://www.bowerypresents.com/greater-philly/shows/detail/432264-karol-g
108,The Robert Cray Band,"Fri, September 09, 2022 at 08:00 PM",07:00 PM,Keswick Theatre,"291 N Keswick Ave, Glenside, PA 19038",https://www.bowerypresents.com/greater-philly/shows/detail/433544-the-robert-cray-band
109,The King Khan & BBQ Show,"Fri, September 09, 2022 at 09:00 PM",08:00 PM,Underground Arts,"1200 Callowhill Street, Philadelphia, PA 19108",https://www.bowerypresents.com/greater-philly/shows/detail/430099-the-king-khan-bbq-show
110,Neko Case,"Sat, September 10, 2022 at 08:00 PM",07:00 PM,Union Transfer,"1026 Spring Garden Street, Philadelphia, PA 19123",https://www.bowerypresents.com/greater-philly/shows/detail/431964-neko-case
111,Airbourne,"Sat, September 10, 2022 at 09:00 PM",08:00 PM,Underground Arts,"1200 Callowhill Street, Philadelphia, PA 19108",https://www.bowerypresents.com/greater-philly/shows/detail/430097-airbourne
112,Streetlight Manifesto,"Sun, September 11, 2022 at 07:00 PM",06:00 PM,Franklin Music Hall,"421 N. 7th Street, Philadelphia, PA 19123",https://www.bowerypresents.com/greater-philly/shows/detail/429025-streetlight-manifesto
113,Melody Gardot,"Wed, September 14, 2022 at 08:00 PM",07:00 PM,Keswick Theatre,"291 N Keswick Ave, Glenside, PA 19038",https://www.bowerypresents.com/greater-philly/shows/detail/429907-melody-gardot
114,Big Wild,"Wed, September 14, 2022 at 08:00 PM",07:00 PM,Union Transfer,"1026 Spring Garden Street, Philadelphia, PA 19123",https://www.bowerypresents.com/greater-philly/shows/detail/437372-big-wild
115,Brett Eldredge,"Fri, September 16, 2022 at 07:30 PM",06:30 PM,Xcite Center at Parx Casino,"2999 Street Road, Bensalem, PA 19020",https://www.bowerypresents.com/greater-philly/shows/detail/433084-brett-eldredge
116,Echo & The Bunnymen,"Fri, September 16, 2022 at 08:00 PM",07:00 PM,Union Transfer,"1026 Spring Garden Street, Philadelphia, PA 19123",https://www.bowerypresents.com/greater-philly/shows/detail/434828-echo-the-bunnymen
117,The Afghan Whigs,"Fri, September 16, 2022 at 09:00 PM",08:00 PM,Underground Arts,"1200 Callowhill Street, Philadelphia, PA 19108",https://www.bowerypresents.com/greater-philly/shows/detail/433103-the-afghan-whigs
118,Meshuggah,"Sat, September 17, 2022 at 08:00 PM",07:00 PM,Franklin Music Hall,"421 N. 7th Street, Philadelphia, PA 19123",https://www.bowerypresents.com/greater-philly/shows/detail/406367-meshuggah
119,SALES,"Sat, September 17, 2022 at 08:00 PM",07:00 PM,Union Transfer,"1026 Spring Garden Street, Philadelphia, PA 19123",https://www.bowerypresents.com/greater-philly/shows/detail/426566-sales
120,Julia Jacklin,"Sat, September 17, 2022 at 09:00 PM",08:00 PM,Underground Arts,"1200 Callowhill Street, Philadelphia, PA 19108",https://www.bowerypresents.com/greater-philly/shows/detail/433845-julia-jacklin
121,Enter Shikari,"Sun, September 18, 2022 at 08:00 PM",07:00 PM,Union Transfer,"1026 Spring Garden Street, Philadelphia, PA 19123",https://www.bowerypresents.com/greater-philly/shows/detail/407744-enter-shikari
122,Ezra Furman,"Sun, September 18, 2022 at 09:00 PM",08:00 PM,Underground Arts,"1200 Callowhill Street, Philadelphia, PA 19108",https://www.bowerypresents.com/greater-philly/shows/detail/427197-ezra-furman
123,Spiritualized®,"Thu, September 22, 2022 at 08:00 PM",07:00 PM,Union Transfer,"1026 Spring Garden Street, Philadelphia, PA 19123",https://www.bowerypresents.com/greater-philly/shows/detail/428082-spiritualized-r
124,Bonobo,"Fri, September 23, 2022 at 08:00 PM",07:00 PM,Franklin Music Hall,"421 N. 7th Street, Philadelphia, PA 19123",https://www.bowerypresents.com/greater-philly/shows/detail/414112-bonobo
125,Girlpool,"Fri, September 23, 2022 at 09:00 PM",08:00 PM,Underground Arts,"1200 Callowhill Street, Philadelphia, PA 19108",https://www.bowerypresents.com/greater-philly/shows/detail/431346-girlpool
126,Miss May I,"Sat, September 24, 2022 at 12:00 AM",10:49 PM,Underground Arts,"1200 Callowhill Street, Philadelphia, PA 19108",https://www.bowerypresents.com/greater-philly/shows/detail/436324-miss-may-i
127,Heaven 17,"Sat, September 24, 2022 at 08:00 PM",07:00 PM,Keswick Theatre,"291 N Keswick Ave, Glenside, PA 19038",https://www.bowerypresents.com/greater-philly/shows/detail/428799-heaven-17
128,Peabo Bryson & Oleta Adams,"Sun, September 25, 2022 at 07:00 PM",06:00 PM,Keswick Theatre,"291 N Keswick Ave, Glenside, PA 19038",https://www.bowerypresents.com/greater-philly/shows/detail/417475-peabo-bryson-oleta-adams
129,Sibling Rivalry Tour,"Sun, September 25, 2022 at 08:00 PM",07:00 PM,Franklin Music Hall,"421 N. 7th Street, Philadelphia, PA 19123",https://www.bowerypresents.com/greater-philly/shows/detail/433445-sibling-rivalry-tour
130,Osees,"Mon, September 26, 2022 at 08:00 PM",07:00 PM,Union Transfer,"1026 Spring Garden Street, Philadelphia, PA 19123",https://www.bowerypresents.com/greater-philly/shows/detail/423644-osees
131,Jukebox the Ghost,"Wed, September 28, 2022 at 08:00 PM",07:00 PM,Union Transfer,"1026 Spring Garden Street, Philadelphia, PA 19123",https://www.bowerypresents.com/greater-philly/shows/detail/436638-jukebox-the-ghost
132,Billy Bragg,"Sat, October 01, 2022 at 08:00 PM",07:00 PM,Keswick Theatre,"291 N Keswick Ave, Glenside, PA 19038",https://www.bowerypresents.com/greater-philly/shows/detail/431431-billy-bragg
133,Tinariwen,"Sat, October 01, 2022 at 09:00 PM",08:00 PM,Underground Arts,"1200 Callowhill Street, Philadelphia, PA 19108",https://www.bowerypresents.com/greater-philly/shows/detail/435997-tinariwen
134,RY X,"Sun, October 02, 2022 at 08:00 PM",07:00 PM,Union Transfer,"1026 Spring Garden Street, Philadelphia, PA 19123",https://www.bowerypresents.com/greater-philly/shows/detail/430628-ry-x
135,Ibeyi,"Tue, October 04, 2022 at 08:00 PM",07:00 PM,Union Transfer,"1026 Spring Garden Street, Philadelphia, PA 19123",https://www.bowerypresents.com/greater-philly/shows/detail/430629-ibeyi
136,Wild Rivers,"Wed, October 05, 2022 at 08:00 PM",07:00 PM,Union Transfer,"1026 Spring Garden Street, Philadelphia, PA 19123",https://www.bowerypresents.com/greater-philly/shows/detail/433117-wild-rivers
137,Trace Adkins,"Thu, October 06, 2022 at 08:00 PM",07:00 PM,Keswick Theatre,"291 N Keswick Ave, Glenside, PA 19038",https://www.bowerypresents.com/greater-philly/shows/detail/435848-trace-adkins
138,Full of Hell + Blood Incantation,"Fri, October 07, 2022 at 07:00 PM",06:00 PM,Underground Arts,"1200 Callowhill Street, Philadelphia, PA 19108",https://www.bowerypresents.com/greater-philly/shows/detail/433085-full-of-hell-blood-incantation
139,Stereolab,"Fri, October 07, 2022 at 08:30 PM",07:30 PM,Franklin Music Hall,"421 N. 7th Street, Philadelphia, PA 19123",https://www.bowerypresents.com/greater-philly/shows/detail/427530-stereolab
140,The Garden,"Sat, October 08, 2022 at 08:00 PM",07:00 PM,Union Transfer,"1026 Spring Garden Street, Philadelphia, PA 19123",https://www.bowerypresents.com/greater-philly/shows/detail/435771-the-garden
141,Sunset Rollercoaster,"Sun, October 09, 2022 at 07:30 PM",06:30 PM,Underground Arts,"1200 Callowhill Street, Philadelphia, PA 19108",https://www.bowerypresents.com/greater-philly/shows/detail/432475-sunset-rollercoaster
142,L7,"Mon, October 10, 2022 at 08:00 PM",07:00 PM,Union Transfer,"1026 Spring Garden Street, Philadelphia, PA 19123",https://www.bowerypresents.com/greater-philly/shows/detail/431610-l7
143,Broken Social Scene,"Wed, October 12, 2022 at 08:00 PM",07:00 PM,Union Transfer,"1026 Spring Garden Street, Philadelphia, PA 19123",https://www.bowerypresents.com/greater-philly/shows/detail/433118-broken-social-scene
144,House of Love,"Thu, October 13, 2022 at 08:00 PM",07:00 PM,Underground Arts,"1200 Callowhill Street, Philadelphia, PA 19108",https://www.bowerypresents.com/greater-philly/shows/detail/430411-house-of-love
145,The Knocks x Cannons,"Fri, October 14, 2022 at 08:00 PM",07:00 PM,Union Transfer,"1026 Spring Garden Street, Philadelphia, PA 19123",https://www.bowerypresents.com/greater-philly/shows/detail/433965-the-knocks-x-cannons
146,Mondo Cozmo,"Fri, October 14, 2022 at 09:00 PM",08:00 PM,Underground Arts,"1200 Callowhill Street, Philadelphia, PA 19108",https://www.bowerypresents.com/greater-philly/shows/detail/434939-mondo-cozmo
147,Spacey Jane,"Sat, October 15, 2022 at 08:00 PM",07:00 PM,Union Transfer,"1026 Spring Garden Street, Philadelphia, PA 19123",https://www.bowerypresents.com/greater-philly/shows/detail/423642-spacey-jane
148,The Man In Black: A Tribute to Johnny Cash,"Sat, October 15, 2022 at 08:00 PM",07:00 PM,Keswick Theatre,"291 N Keswick Ave, Glenside, PA 19038",https://www.bowerypresents.com/greater-philly/shows/detail/434436-the-man-in-black-a-tribute-to-johnny-cash
149,Mannequin Pussy,"Sat, October 15, 2022 at 08:30 PM",07:30 PM,Underground Arts,"1200 Callowhill Street, Philadelphia, PA 19108",https://www.bowerypresents.com/greater-philly/shows/detail/436460-mannequin-pussy
150,Yard Act,"Sun, October 16, 2022 at 08:30 PM",07:30 PM,Underground Arts,"1200 Callowhill Street, Philadelphia, PA 19108",https://www.bowerypresents.com/greater-philly/shows/detail/435072-yard-act
151,The Black Angels,"Tue, October 18, 2022 at 08:00 PM",07:00 PM,Union Transfer,"1026 Spring Garden Street, Philadelphia, PA 19123",https://www.bowerypresents.com/greater-philly/shows/detail/410854-the-black-angels
152,Renaissance,"Fri, October 21, 2022 at 08:00 PM",07:00 PM,Keswick Theatre,"291 N Keswick Ave, Glenside, PA 19038",https://www.bowerypresents.com/greater-philly/shows/detail/430774-renaissance
153,FKJ,"Fri, October 21, 2022 at 08:30 PM",07:30 PM,Franklin Music Hall,"421 N. 7th Street, Philadelphia, PA 19123",https://www.bowerypresents.com/greater-philly/shows/detail/436437-fkj
154,Psychedelic Porn Crumpets,"Fri, October 21, 2022 at 09:00 PM",08:00 PM,Underground Arts,"1200 Callowhill Street, Philadelphia, PA 19108",https://www.bowerypresents.com/greater-philly/shows/detail/429309-psychedelic-porn-crumpets
155,Algernon Cadwallader,"Sat, October 22, 2022 at 08:00 PM",07:00 PM,Union Transfer,"1026 Spring Garden Street, Philadelphia, PA 19123",https://www.bowerypresents.com/greater-philly/shows/detail/436639-algernon-cadwallader
156,Almost Queen,"Sat, October 22, 2022 at 08:00 PM",07:00 PM,Keswick Theatre,"291 N Keswick Ave, Glenside, PA 19038",https://www.bowerypresents.com/greater-philly/shows/detail/436684-almost-queen
157,King Gizzard and the Lizard Wizard,"Sat, October 22, 2022 at 08:30 PM",07:30 PM,Franklin Music Hall,"421 N. 7th Street, Philadelphia, PA 19123",https://www.bowerypresents.com/greater-philly/shows/detail/388944-king-gizzard-and-the-lizard-wizard
158,Michael Schenker,"Tue, October 25, 2022 at 07:30 PM",06:30 PM,Keswick Theatre,"291 N Keswick Ave, Glenside, PA 19038",https://www.bowerypresents.com/greater-philly/shows/detail/428732-michael-schenker
159,Steve Vai,"Fri, October 28, 2022 at 08:00 PM",07:00 PM,Keswick Theatre,"291 N Keswick Ave, Glenside, PA 19038",https://www.bowerypresents.com/greater-philly/shows/detail/412180-steve-vai
160,The Record Company,"Fri, October 28, 2022 at 08:00 PM",07:00 PM,Union Transfer,"1026 Spring Garden Street, Philadelphia, PA 19123",https://www.bowerypresents.com/greater-philly/shows/detail/433972-the-record-company
161,The Hooters,"Fri, November 04, 2022 at 08:00 PM",07:00 PM,Keswick Theatre,"291 N Keswick Ave, Glenside, PA 19038",https://www.bowerypresents.com/greater-philly/shows/detail/436704-the-hooters
162,AFI,"Fri, November 04, 2022 at 08:30 PM",07:30 PM,Franklin Music Hall,"421 N. 7th Street, Philadelphia, PA 19123",https://www.bowerypresents.com/greater-philly/shows/detail/405823-afi
163,Superorganism,"Sat, November 05, 2022 at 08:00 PM",07:00 PM,Union Transfer,"1026 Spring Garden Street, Philadelphia, PA 19123",https://www.bowerypresents.com/greater-philly/shows/detail/428081-superorganism
164,The Hooters,"Sat, November 05, 2022 at 08:00 PM",07:00 PM,Keswick Theatre,"291 N Keswick Ave, Glenside, PA 19038",https://www.bowerypresents.com/greater-philly/shows/detail/436708-the-hooters
165,Travis,"Mon, November 07, 2022 at 08:00 PM",07:00 PM,Union Transfer,"1026 Spring Garden Street, Philadelphia, PA 19123",https://www.bowerypresents.com/greater-philly/shows/detail/427629-travis
166,Paul Reiser,"Fri, November 11, 2022 at 08:00 PM",07:00 PM,Keswick Theatre,"291 N Keswick Ave, Glenside, PA 19038",https://www.bowerypresents.com/greater-philly/shows/detail/428813-paul-reiser
167,Soccer Mommy,"Fri, November 11, 2022 at 08:00 PM",07:00 PM,Franklin Music Hall,"421 N. 7th Street, Philadelphia, PA 19123",https://www.bowerypresents.com/greater-philly/shows/detail/433427-soccer-mommy
168,Black Lips,"Fri, November 11, 2022 at 09:00 PM",08:00 PM,Underground Arts,"1200 Callowhill Street, Philadelphia, PA 19108",https://www.bowerypresents.com/greater-philly/shows/detail/431615-black-lips
169,Alex G,"Fri, November 18, 2022 at 08:00 PM",07:00 PM,Union Transfer,"1026 Spring Garden Street, Philadelphia, PA 19123",https://www.bowerypresents.com/greater-philly/shows/detail/435659-alex-g
170,Janis Ian,"Sat, November 19, 2022 at 08:00 PM",07:00 PM,Keswick Theatre,"291 N Keswick Ave, Glenside, PA 19038",https://www.bowerypresents.com/greater-philly/shows/detail/435534-janis-ian
171,Alex G,"Sat, November 19, 2022 at 08:00 PM",07:00 PM,Union Transfer,"1026 Spring Garden Street, Philadelphia, PA 19123",https://www.bowerypresents.com/greater-philly/shows/detail/435661-alex-g
172,W.A.S.P.,"Sun, November 20, 2022 at 08:00 PM",07:00 PM,Keswick Theatre,"291 N Keswick Ave, Glenside, PA 19038",https://www.bowerypresents.com/greater-philly/shows/detail/422859-w-a-s-p
173,The Menzingers,"Fri, November 25, 2022 at 08:00 PM",07:00 PM,Union Transfer,"1026 Spring Garden Street, Philadelphia, PA 19123",https://www.bowerypresents.com/greater-philly/shows/detail/434830-the-menzingers
174,The Menzingers,"Sat, November 26, 2022 at 08:00 PM",07:00 PM,Union Transfer,"1026 Spring Garden Street, Philadelphia, PA 19123",https://www.bowerypresents.com/greater-philly/shows/detail/437711-the-menzingers
175,"A Philadelphia Tribute to The Last Waltz, a Benefit for Make The World Better Foundation ","Sat, November 26, 2022 at 09:00 PM",08:00 PM,Franklin Music Hall,"421 N. 7th Street, Philadelphia, PA 19123",https://www.bowerypresents.com/greater-philly/shows/detail/409702-a-philadelphia-tribute-to-the-last-waltz-a-benefit-for-make-the-world-better-foundation
176,POND,"Thu, December 01, 2022 at 08:30 PM",07:30 PM,Underground Arts,"1200 Callowhill Street, Philadelphia, PA 19108",https://www.bowerypresents.com/greater-philly/shows/detail/435761-pond
177,Mclusky,"Sat, December 03, 2022 at 09:00 PM",08:00 PM,Underground Arts,"1200 Callowhill Street, Philadelphia, PA 19108",https://www.bowerypresents.com/greater-philly/shows/detail/430346-mclusky
178,Yung Lean,"Tue, December 06, 2022 at 08:00 PM",07:00 PM,Franklin Music Hall,"421 N. 7th Street, Philadelphia, PA 19123",https://www.bowerypresents.com/greater-philly/shows/detail/430945-yung-lean
179,Steve Hackett: Genesis Revisited,"Thu, December 08, 2022 at 07:30 PM",06:30 PM,Keswick Theatre,"291 N Keswick Ave, Glenside, PA 19038",https://www.bowerypresents.com/greater-philly/shows/detail/433402-steve-hackett-genesis-revisited
180,DCappella,"Fri, December 09, 2022 at 08:00 PM",07:00 PM,Keswick Theatre,"291 N Keswick Ave, Glenside, PA 19038",https://www.bowerypresents.com/greater-philly/shows/detail/433091-dcappella
181,Shake It Off - Taylor Swift Dance Party,"Sat, December 10, 2022 at 09:00 PM",09:00 PM,Franklin Music Hall,"421 N. 7th Street, Philadelphia, PA 19123",https://www.bowerypresents.com/greater-philly/shows/detail/432046-shake-it-off-taylor-swift-dance-party
182,Bonny Light Horseman,"Sun, December 11, 2022 at 08:30 PM",07:30 PM,Underground Arts,"1200 Callowhill Street, Philadelphia, PA 19108",https://www.bowerypresents.com/greater-philly/shows/detail/437788-bonny-light-horseman
183,"Rich Vos, Jim Florentine, Don Jamieson","Fri, December 16, 2022 at 08:00 PM",07:00 PM,Keswick Theatre,"291 N Keswick Ave, Glenside, PA 19038",https://www.bowerypresents.com/greater-philly/shows/detail/435859-rich-vos-jim-florentine-don-jamieson
184,DCappella,"Sun, December 18, 2022 at 07:30 PM",06:30 PM,Santander Performing Arts Center,"700 Penn St., Reading, PA 19603",https://www.bowerypresents.com/greater-philly/shows/detail/433826-dcappella
185,Carrie Underwood,"Wed, February 22, 2023 at 07:30 PM",06:30 PM,Wells Fargo Center,"3601 S Broad St, Philadelphia, PA 19148",https://www.bowerypresents.com/greater-philly/shows/detail/434719-carrie-underwood
186,Hits The Musical,"Fri, March 10, 2023 at 08:00 PM",07:00 PM,Keswick Theatre,"291 N Keswick Ave, Glenside, PA 19038",https://www.bowerypresents.com/greater-philly/shows/detail/437027-hits-the-musical
187,EELS,"Sat, June 24, 2023 at 08:00 PM",07:00 PM,Keswick Theatre,"291 N Keswick Ave, Glenside, PA 19038",https://www.bowerypresents.com/greater-philly/shows/detail/408204-eels
188,Eric Johnson,"Sat, September 16, 2023 at 08:00 PM",07:00 PM,Keswick Theatre,"291 N Keswick Ave, Glenside, PA 19038",https://www.bowerypresents.com/greater-philly/shows/detail/408186-eric-johnson
189,--POSTPONED-- Ilana Glazer,TBD,,Merriam Theater,"250 South Broad Street, Philadelphia, PA 19102",https://www.bowerypresents.com/greater-philly/shows/detail/390909-postponed-ilana-glazer
190,Justin Bieber,TBD,,Lincoln Financial Field,"One Lincoln Financial Field Way, Philadelphia, PA 19147",https://www.bowerypresents.com/greater-philly/shows/detail/391403-justin-bieber
191,Brandy Clark,TBD,,Boot & Saddle,"1131 S. Broad St, Philadelphia, PA 19147",https://www.bowerypresents.com/greater-philly/shows/detail/392413-brandy-clark
